Nombre_Estacion,Latitud,Longitud,Sequence,ID,Linea
Pantitlán,19.4163340858551,-99.0747357268108,"176,192,1,1","SH0200L1000_0,SH0200L5000_0,SH0200L9000_0,SH0200LA000_0","1,5,9,A"
Zaragoza,19.4117458279428,-99.0819843608407,159,SH0200L1000_0,1
Gómez Farías,19.4151336690424,-99.0878910855324,158,SH0200L1000_0,1
Boulevard Puerto Aéreo,19.4210459161895,-99.0982039725298,156,SH0200L1000_0,1
Balbuena,19.4228570995773,-99.10177795689958,154,SH0200L1000_0,1
Moctezuma,19.4257105807,-99.1074847726102,153,SH0200L1000_0,1
San Lázaro,19.4294317225298,-99.11402815009993,"145,71","SH0200L1000_0,SH0200LB000_0","1,B"
Candelaria,19.4296035535436,-99.12090815102007,"116,19","SH0200L1000_0,SH0200L4000_0","1,4"
Merced,19.4256097122237,-99.1256683319376,101,SH0200L1000_0,1
Pino Suárez,19.4259557797721,-99.13304867458928,"82,134","SH0200L1000_0,SH0200L2000_0","1,2"
Isabel la Católica,19.4265210713684,-99.139224182149,81,SH0200L1000_0,1
Salto del Agua,19.4269216512999,-99.1431178866974,"68,11","SH0200L1000_0,SH0200L8000_0","1,8"
Balderas,19.427240620000106,-99.148566441,"59,64","SH0200L1000_0,SH0200L3000_0","1,3"
Cuauhtémoc,19.4258288049241,-99.1538840535473,57,SH0200L1000_0,1
Insurgentes,19.4231262155624,-99.1654443744829,54,SH0200L1000_0,1
Sevilla,19.4220189866505,-99.1703215058211,52,SH0200L1000_0,1
Chapultepec ,19.4205838250243,-99.1772095521541,50,SH0200L1000_0,1
Juanacatlán,19.4114519285887,-99.18258151771629,39,SH0200L1000_0,1
Tacubaya,19.4025138026273,-99.1876365265964,"26,142,140","SH0200L1000_0,SH0200L7000_0,SH0200L9000_0","1,7,9"
Observatorio,19.3982823756763,-99.2004047457727,1,SH0200L1000_0,1
Tasqueña,19.3437570980861,-99.1395327765196,193,SH0200L2000_0,2
General Anaya,19.3525259736702,-99.1452222254731,168,SH0200L2000_0,2
Ermita,19.3627120397951,-99.1427715609471,"164,64","SH0200L2000_0,SH020L12000_0","2,12"
Portales,19.36918718838189,-99.1416862222026,163,SH0200L2000_0,2
Nativitas,19.3803379424333,-99.1400607560469,157,SH0200L2000_0,2
Villa de Cortés,19.3868495191818,-99.13907118425672,156,SH0200L2000_0,2
Xola,19.395952475590104,-99.1376879679466,153,SH0200L2000_0,2
Viaducto,19.4001319346972,-99.13701318562644,152,SH0200L2000_0,2
Chabacano,19.4099172895338,-99.1355000207003,"149,29,75","SH0200L2000_0,SH0200L8000_0,SH0200L9000_0","2,8,9"
San Antonio Abad,19.4152113039618,-99.1346668184582,148,SH0200L2000_0,2
Zócalo,19.43332917,-99.1322112349999,128,SH0200L2000_0,2
Allende,19.435420373000103,-99.135958425,117,SH0200L2000_0,2
Bellas Artes,19.436221043231303,-99.1407610335334,"115,7","SH0200L2000_0,SH0200L8000_0","2,8"
Hidalgo,19.4376492371919,-99.14769873537908,"113,56","SH0200L2000_0,SH0200L3000_0","2,3"
Revolución,19.438936376995,-99.1535225467943,107,SH0200L2000_0,2
San Cosme,19.442174476052,-99.161334845102,103,SH0200L2000_0,2
Normal,19.4442713340619,-99.166777676069,88,SH0200L2000_0,2
Colegio Militar,19.448933257559,-99.1715500963544,79,SH0200L2000_0,2
Popotla,19.4522302222651,-99.1744988601433,72,SH0200L2000_0,2
Cuitláhuac,19.4573304062518,-99.1815909713096,56,SH0200L2000_0,2
Tacuba,19.4595613546235,-99.1889857337813,"47,61","SH0200L2000_0,SH0200L7000_0","2,7"
Panteones,19.4586136732868,-99.20286481148572,27,SH0200L2000_0,2
Cuatro Caminos,19.4595932088305,-99.215842489255,1,SH0200L2000_0,2
Universidad,19.3243534831642,-99.1739384554613,156,SH0200L3000_0,3
Copilco,19.3365855019715,-99.1778284769013,142,SH0200L3000_0,3
Miguel Ángel de Quevedo,19.3472357838387,-99.1805547374596,130,SH0200L3000_0,3
Viveros y  Derechos Humanos,19.35362196086389,-99.1758005004939,114,SH0200L3000_0,3
Coyoacán,19.3619878102542,-99.17057094643091,104,SH0200L3000_0,3
Zapata,19.3707930345434,-99.1647634807563,"95,19","SH0200L3000_0,SH020L12000_0","3,12"
División del Norte,19.3801345121089,-99.1589179361435,93,SH0200L3000_0,3
Eugenia,19.38535076116269,-99.1573997632629,89,SH0200L3000_0,3
Etiopía y Plaza de la Transparencia,19.396499785000103,-99.155985727,86,SH0200L3000_0,3
Centro Médico,19.406740858,-99.155185301,"85,89","SH0200L3000_0,SH0200L9000_0","3,9"
Hospital General,19.4132699256478,-99.154183475468,75,SH0200L3000_0,3
Niños Héroes y  Poder Judicial CDMX,19.4208136697051,-99.1501872227413,66,SH0200L3000_0,3
Juárez,19.432735919668,-99.1477842586891,61,SH0200L3000_0,3
Guerrero,19.445197570000104,-99.145090836,"53,2","SH0200L3000_0,SH0200LB000_0","3,B"
Tlatelolco,19.454448412657896,-99.1431058223448,47,SH0200L3000_0,3
La Raza,19.4705950313538,-99.1380777673472,"25,36","SH0200L3000_0,SH0200L5000_0","3,5"
Potrero,19.4777198119164,-99.1315802587772,15,SH0200L3000_0,3
Deportivo 18 de Marzo,19.485661421867302,-99.1250481213507,"13,118","SH0200L3000_0,SH0200L6000_0","3,6"
Indios Verdes,19.495337618202,-99.11950993810048,1,SH0200L3000_0,3
Santa Anita,19.4028915722936,-99.1216956039666,"1,66","SH0200L4000_0,SH0200L8000_0","4,8"
Jamaica,19.4103518481071,-99.12173432920191,"8,64","SH0200L4000_0,SH0200L9000_0","4,9"
Fray Servando,19.4209902648544,-99.1206163484048,14,SH0200L4000_0,4
Morelos,19.4402440278527,-99.1180448336574,"31,30","SH0200L4000_0,SH0200LB000_0","4,B"
Canal del Norte,19.4496191599354,-99.1159679959138,38,SH0200L4000_0,4
Consulado,19.45870198580711,-99.11373467803058,"41,65","SH0200L4000_0,SH0200L5000_0","4,5"
Bondojito,19.4642437032765,-99.1121210999052,46,SH0200L4000_0,4
Talismán,19.4749234835019,-99.1078545190412,56,SH0200L4000_0,4
Martín Carrera,19.485044145000103,-99.104369477,"71,147","SH0200L4000_0,SH0200L6000_0","4,6"
Hangares,19.4247798677784,-99.08887052973829,175,SH0200L5000_0,5
Terminal Aérea,19.4343454880001,-99.0879957449999,151,SH0200L5000_0,5
Oceanía,19.4459121293613,-99.08728630583929,"119,89","SH0200L5000_0,SH0200LB000_0","5,B"
Aragón,19.451527206,-99.095477493,93,SH0200L5000_0,5
Eduardo Molina,19.4516788329127,-99.1060682827664,75,SH0200L5000_0,5
Valle Gómez,19.458579062353,-99.11860881865508,57,SH0200L5000_0,5
Misterios,19.4628402485225,-99.1297762662827,46,SH0200L5000_0,5
Autobuses del Norte,19.479807350508302,-99.1409406092738,25,SH0200L5000_0,5
Instituto del Petróleo,19.488653957265,-99.14443749769327,"16,88","SH0200L5000_0,SH0200L6000_0","5,6"
Politécnico,19.5006786989004,-99.1492059930465,1,SH0200L5000_0,5
La Villa y Basílica,19.4817788878622,-99.11920586554449,126,SH0200L6000_0,6
Lindavista,19.48775237381989,-99.1343002426164,104,SH0200L6000_0,6
Vallejo,19.4915398092476,-99.153408448129,78,SH0200L6000_0,6
Norte 45,19.4890212278246,-99.1636381012776,64,SH0200L6000_0,6
Ferrería y Arena Ciudad de México,19.4905832210001,-99.174592592,49,SH0200L6000_0,6
UAM Azcapotzalco,19.491605309,-99.188724824,38,SH0200L6000_0,6
Tezozómoc,19.495563435000104,-99.197993218,22,SH0200L6000_0,6
El Rosario,19.5046301438342,-99.19976981604844,"1,1","SH0200L6000_0,SH0200L7000_0","6,7"
Barranca del Muerto,19.3615015633223,-99.1892637065063,158,SH0200L7000_0,7
Mixcoac,19.3717304684312,-99.1881176225093,"157,1","SH0200L7000_0,SH020L12000_0","7,12"
San Antonio,19.385881824611,-99.1864219140244,155,SH0200L7000_0,7
San Pedro de los Pinos,19.3912265658327,-99.185835844654,153,SH0200L7000_0,7
Constituyentes,19.412538433062,-99.1916480273807,135,SH0200L7000_0,7
Auditorio,19.427610970394,-99.1917723749248,103,SH0200L7000_0,7
Polanco,19.431848539876,-99.1911144762668,100,SH0200L7000_0,7
San Joaquín,19.4435637918242,-99.19196809503391,79,SH0200L7000_0,7
Refinería,19.4651628770604,-99.1907147613925,37,SH0200L7000_0,7
Camarones,19.483589648336302,-99.1898201430274,36,SH0200L7000_0,7
Aquiles Serdán,19.49037725438649,-99.1951442137108,21,SH0200L7000_0,7
Constitución de 1917,19.3459684058057,-99.06379884969591,194,SH0200L8000_0,8
UAM-I,19.3515890573441,-99.0759917228688,190,SH0200L8000_0,8
Cerro de la Estrella,19.3558277706884,-99.0852786882657,184,SH0200L8000_0,8
Iztapalapa,19.3578596683221,-99.0933272589204,169,SH0200L8000_0,8
Atlalilco,19.35618779682149,-99.1005373992909,"162,109","SH0200L8000_0,SH020L12000_0","8,12"
Escuadrón 201,19.3670773440001,-99.10897597599993,140,SH0200L8000_0,8
Aculco,19.3741026689292,-99.1077456498839,128,SH0200L8000_0,8
Apatlaco,19.37989457211,-99.1098083864308,117,SH0200L8000_0,8
Iztacalco,19.3874195696343,-99.1119185299568,111,SH0200L8000_0,8
Coyuya,19.3991945870001,-99.1135280189999,90,SH0200L8000_0,8
La Viga,19.4072584978164,-99.12638799788608,48,SH0200L8000_0,8
Obrera,19.4122139940001,-99.144142824,18,SH0200L8000_0,8
Doctores,19.421950114331104,-99.1431480784582,17,SH0200L8000_0,8
San Juan de Letrán,19.4293718215454,-99.14158799297908,8,SH0200L8000_0,8
Garibaldi y Lagunilla,19.4440012887602,-99.1390044128348,"1,6","SH0200L8000_0,SH0200LB000_0","8,B"
Puebla,19.4072991050001,-99.083104727,23,SH0200L9000_0,9
Ciudad Deportiva,19.4083279915833,-99.0904670422945,24,SH0200L9000_0,9
Velódromo,19.4085166235986,-99.1039498462658,44,SH0200L9000_0,9
Mixiuhca,19.4083729960702,-99.1131488872607,53,SH0200L9000_0,9
Lázaro Cárdenas,19.4071749381778,-99.1455391627523,87,SH0200L9000_0,9
Chilpancingo,19.4059066788924,-99.1693323727757,93,SH0200L9000_0,9
Patriotismo,19.4058843131082,-99.178231992679,108,SH0200L9000_0,9
La Paz,19.3505615721907,-98.9609372506497,115,SH0200LA000_0,A
Los Reyes,19.358900651944,-98.9777288907947,86,SH0200LA000_0,A
Santa Marta,19.3602336008896,-98.994349133389,71,SH0200LA000_0,A
Acatitla,19.3652409660579,-99.0063225904129,56,SH0200LA000_0,A
Penón Viejo,19.3728105525824,-99.0163749968221,51,SH0200LA000_0,A
Guelatao,19.38472046265889,-99.0349143026566,40,SH0200LA000_0,A
Tepalcates,19.390861702691,-99.0456046754554,33,SH0200LA000_0,A
Canal de San Juan,19.3984097764476,-99.0588128084052,29,SH0200LA000_0,A
Agrícola Oriental,19.4050322400204,-99.0702854089748,24,SH0200LA000_0,A
Buenavista,19.446185903558,-99.1523513773835,1,SH0200LB000_0,B
Lagunilla,19.443239311019003,-99.13060298216008,12,SH0200LB000_0,B
Tepito,19.4427545509938,-99.1236100986771,19,SH0200LB000_0,B
Ricardo Flores Magón,19.436595464,-99.10364204099992,82,SH0200LB000_0,B
Romero Rubio,19.44091415255789,-99.09403227276007,85,SH0200LB000_0,B
Deportivo Oceanía,19.4510453020001,-99.079270609,96,SH0200LB000_0,B
Bosque de Aragón,19.45764922469689,-99.0699008536222,101,SH0200LB000_0,B
Villa de Aragón,19.46193616301111,-99.0604758059323,117,SH0200LB000_0,B
Nezahualcóyotl,19.4735583265944,-99.0543165730999,140,SH0200LB000_0,B
Impulsora,19.4864801182067,-99.0486346360025,145,SH0200LB000_0,B
Río de los Remedios,19.4914512761912,-99.0464518205736,147,SH0200LB000_0,B
Múzquiz,19.5023065588794,-99.04171031265508,152,SH0200LB000_0,B
Ecatepec,19.515885895811103,-99.0357329929144,164,SH0200LB000_0,B
Olímpica,19.5221032475068,-99.03300825826192,169,SH0200LB000_0,B
Plaza Aragón,19.5292471772558,-99.0298219725198,174,SH0200LB000_0,B
Ciudad Azteca,19.5345130652073,-99.0275097175891,179,SH0200LB000_0,B
Tláhuac,19.2860222775039,-99.01419832429008,388,SH020L12000_0,12
Tlaltenco,19.2949655166337,-99.0244920444882,354,SH020L12000_0,12
Zapotitlán,19.2965527299843,-99.03496512460958,322,SH020L12000_0,12
Nopalera,19.3000324494393,-99.0467173995475,271,SH020L12000_0,12
Olivos,19.3045560285911,-99.0601908053412,253,SH020L12000_0,12
Tezonco,19.3065334420388,-99.0659130794816,251,SH020L12000_0,12
Periférico Oriente,19.3180420832278,-99.075022740821,211,SH020L12000_0,12
Calle 11,19.3205964184436,-99.0866074677821,200,SH020L12000_0,12
Lomas Estrella,19.3222565203132,-99.0964833615909,197,SH020L12000_0,12
San Andrés Tomatlán,19.3284353760642,-99.1051784682398,157,SH020L12000_0,12
Culhuacán,19.3374528573156,-99.1089358863137,130,SH020L12000_0,12
Mexicaltzingo,19.3576407392103,-99.1220620678615,69,SH020L12000_0,12
Eje Central,19.36158014243161,-99.1529777984835,56,SH020L12000_0,12
Parque de los Venados,19.3707245113706,-99.159107989881,37,SH020L12000_0,12
Hospital 20 de Noviembre,19.3723200211786,-99.1722674393244,16,SH020L12000_0,12
Insurgentes Sur,19.37334207268211,-99.1773314879926,7,SH020L12000_0,12
